row,stage,pos,layer,e0,e1,e2,e3,e4,e5,w0,w1,w2,w3,w4,w5
0,prefill,0,0,254,222,245,200,53,35,0.046956,1.121946,0.176805,0.041472,0.058724,0.054096
1,prefill,1,0,1,231,44,13,245,150,0.157945,0.181691,0.429408,0.143859,0.125485,0.461613
2,prefill,2,0,123,177,166,66,211,154,0.471540,0.236465,0.297031,0.060748,0.359066,0.075150
3,prefill,3,0,169,14,150,120,156,29,0.585496,0.171792,0.101764,0.122485,0.221075,0.297388
4,prefill,4,0,244,216,29,97,98,148,0.253236,0.304552,0.150826,0.294638,0.123326,0.373421
5,prefill,5,0,37,224,124,233,18,70,0.225629,0.205212,0.324879,0.165335,0.374171,0.204774
6,prefill,6,0,248,175,15,47,109,12,0.326074,0.101789,0.176049,0.348205,0.261195,0.286689
7,prefill,7,0,212,61,77,1,133,107,0.345682,0.280958,0.101541,0.159102,0.285585,0.327132
8,prefill,8,0,143,245,171,73,50,229,0.474134,0.218461,0.234606,0.224848,0.138609,0.209342
9,prefill,9,0,107,85,126,215,44,129,0.352735,0.255154,0.174173,0.265611,0.357944,0.094382
10,prefill,0,1,163,137,158,97,184,8,0.030406,0.031352,0.043514,0.032799,0.035420,1.326510
11,prefill,1,1,141,56,41,166,45,85,0.274120,0.259012,0.184211,0.260292,0.238658,0.283707
12,prefill,2,1,120,229,170,107,231,69,0.270561,0.171800,0.344756,0.222733,0.288632,0.201518
13,prefill,3,1,44,117,169,37,195,48,0.234463,0.388427,0.197171,0.128020,0.280079,0.271840
14,prefill,4,1,225,87,55,34,75,79,0.275817,0.291603,0.337102,0.233911,0.210024,0.151542
15,prefill,5,1,169,69,6,26,95,176,0.261933,0.247031,0.257226,0.212431,0.313041,0.208338
16,prefill,6,1,93,142,240,126,184,170,0.204883,0.276142,0.253922,0.234569,0.263838,0.266645
17,prefill,7,1,175,149,30,55,4,7,0.307345,0.224792,0.244307,0.256818,0.196610,0.270128
18,prefill,8,1,10,140,93,42,8,79,0.291539,0.284741,0.279509,0.234552,0.220188,0.189471
19,prefill,9,1,3,18,155,214,227,31,0.263410,0.288276,0.186282,0.280506,0.237645,0.243882
20,prefill,0,2,108,115,43,53,132,143,0.111771,0.127864,0.104539,0.333227,0.123471,0.699128
21,prefill,1,2,63,128,180,252,253,50,0.152763,0.149180,0.301626,0.315082,0.332987,0.248362
22,prefill,2,2,129,227,128,152,52,86,0.376367,0.207039,0.138134,0.343317,0.174324,0.260819
23,prefill,3,2,40,59,24,210,115,26,0.269252,0.135521,0.294836,0.349477,0.243471,0.207443
24,prefill,4,2,89,73,41,231,3,217,0.254535,0.247430,0.283758,0.241033,0.251180,0.222064
25,prefill,5,2,76,193,136,84,150,96,0.277443,0.224547,0.258484,0.216578,0.260706,0.262242
26,prefill,6,2,229,130,128,82,4,31,0.251348,0.232577,0.169190,0.266745,0.276199,0.303941
27,prefill,7,2,53,129,208,70,95,41,0.212678,0.279826,0.255714,0.291452,0.170910,0.289421
28,prefill,8,2,135,246,213,241,115,247,0.193611,0.237960,0.204851,0.329407,0.245765,0.288405
29,prefill,9,2,225,217,204,105,14,77,0.301168,0.254469,0.329523,0.136974,0.273018,0.204847
30,prefill,0,3,124,143,175,213,187,79,0.286709,0.263948,0.257313,0.238758,0.229565,0.223707
31,prefill,1,3,234,112,11,202,133,63,0.525773,0.338771,0.274316,0.125919,0.119214,0.116007
32,prefill,2,3,4,112,174,252,251,68,0.529996,0.371271,0.238087,0.120968,0.111239,0.128439
33,prefill,3,3,116,232,174,112,11,148,0.399566,0.319394,0.311519,0.195548,0.146281,0.127693
34,prefill,4,3,14,174,83,112,232,119,0.434507,0.300217,0.268141,0.188188,0.175086,0.133861
35,prefill,5,3,172,197,83,174,112,90,0.316897,0.293469,0.282724,0.230344,0.203178,0.173388
36,prefill,6,3,235,190,124,112,119,96,0.641313,0.188335,0.171569,0.174558,0.169772,0.154452
37,prefill,7,3,174,112,124,155,122,119,0.369296,0.271188,0.260614,0.206681,0.198804,0.193417
38,prefill,8,3,235,174,119,129,97,112,0.522412,0.242331,0.206955,0.208097,0.169689,0.150517
39,prefill,9,3,177,133,119,99,122,174,0.287456,0.280196,0.280032,0.274893,0.189922,0.187502
40,prefill,0,4,64,98,110,170,224,93,1.265845,0.061774,0.048115,0.041918,0.039160,0.043188
41,prefill,1,4,98,201,8,206,170,146,0.480499,0.369354,0.176520,0.161502,0.157254,0.154871
42,prefill,2,4,98,250,37,134,55,201,0.638533,0.499390,0.104242,0.086245,0.083422,0.088169
43,prefill,3,4,98,198,250,180,21,75,0.705202,0.282974,0.287618,0.074891,0.076030,0.073286
44,prefill,4,4,127,98,4,28,251,204,0.767764,0.189500,0.171223,0.119276,0.134458,0.117779
45,prefill,5,4,228,197,100,159,114,98,0.326151,0.236990,0.234487,0.276215,0.225442,0.200715
46,prefill,6,4,97,161,228,8,113,28,0.406604,0.265349,0.244145,0.223653,0.184782,0.175467
47,prefill,7,4,8,122,228,161,28,70,0.347041,0.322450,0.235846,0.209648,0.189227,0.195788
48,prefill,8,4,242,8,70,161,122,28,0.306719,0.270167,0.248193,0.230080,0.257724,0.187117
49,prefill,9,4,183,28,228,186,8,113,0.310286,0.305509,0.298685,0.201943,0.198476,0.185103
50,prefill,0,5,35,59,235,92,104,72,1.378372,0.049829,0.009107,0.018745,0.017912,0.026035
51,prefill,1,5,59,35,252,244,63,243,0.679758,0.242726,0.191937,0.164956,0.117406,0.103217
52,prefill,2,5,59,252,216,140,52,221,0.571917,0.358361,0.228262,0.146533,0.098652,0.096275
53,prefill,3,5,180,252,216,59,30,38,0.648394,0.234471,0.229781,0.199534,0.107744,0.080076
54,prefill,4,5,217,169,94,180,117,90,0.464086,0.278772,0.228000,0.176917,0.172252,0.179973
55,prefill,5,5,169,78,10,119,63,215,0.329269,0.335888,0.242840,0.210029,0.209090,0.172884
56,prefill,6,5,249,129,10,169,28,72,0.724422,0.189339,0.159048,0.158702,0.133991,0.134497
57,prefill,7,5,169,10,15,28,64,252,0.591374,0.244431,0.179497,0.171934,0.155187,0.157577
58,prefill,8,5,169,249,10,80,129,28,0.459866,0.360931,0.242043,0.150808,0.145172,0.141179
59,prefill,9,5,169,2,63,12,15,28,0.701415,0.321255,0.144216,0.132614,0.100019,0.100481
60,prefill,0,6,56,72,7,21,71,190,1.469627,0.005096,0.003821,0.008494,0.002912,0.010050
61,prefill,1,6,207,56,76,22,35,169,0.618414,0.297443,0.216050,0.123977,0.123873,0.120243
62,prefill,2,6,207,76,15,56,30,10,0.707412,0.235049,0.185296,0.154561,0.109620,0.108062
63,prefill,3,6,207,76,150,124,95,16,0.603903,0.250134,0.235343,0.151136,0.142044,0.117440
64,prefill,4,6,242,207,96,205,76,17,0.491001,0.290983,0.279417,0.164845,0.144169,0.129583
65,prefill,5,6,205,207,16,1,96,214,0.335715,0.319199,0.245204,0.250046,0.184417,0.165419
66,prefill,6,6,207,16,89,1,64,199,0.436782,0.246924,0.237785,0.236974,0.170829,0.170705
67,prefill,7,6,1,30,89,10,68,16,0.341648,0.328810,0.275569,0.223808,0.169444,0.160722
68,prefill,8,6,201,16,190,68,1,89,0.400931,0.353414,0.186211,0.188553,0.192312,0.178580
69,prefill,9,6,109,16,89,30,214,96,0.335963,0.255531,0.251556,0.260365,0.212938,0.183647
70,prefill,0,7,8,142,48,188,56,169,0.383540,0.241786,0.217342,0.208454,0.213287,0.235592
71,prefill,1,7,211,156,177,232,126,146,0.549839,0.232715,0.224787,0.179390,0.159959,0.153308
72,prefill,2,7,211,168,177,232,53,87,0.421968,0.401735,0.205206,0.207337,0.135780,0.127975
73,prefill,3,7,168,141,232,211,177,122,0.378052,0.292585,0.276424,0.211215,0.172461,0.169262
74,prefill,4,7,141,99,240,124,24,233,0.338308,0.294292,0.282332,0.205824,0.197573,0.181671
75,prefill,5,7,141,233,240,177,87,211,0.725277,0.374317,0.108286,0.100527,0.100051,0.091542
76,prefill,6,7,141,233,122,14,209,30,0.670662,0.465649,0.116383,0.084970,0.082353,0.079983
77,prefill,7,7,141,233,110,87,184,180,0.619871,0.477418,0.121209,0.101871,0.093908,0.085722
78,prefill,8,7,141,233,209,172,14,122,0.606135,0.417134,0.143769,0.116577,0.102706,0.113679
79,prefill,9,7,141,233,110,184,148,60,0.592084,0.433156,0.159518,0.111741,0.106233,0.097269
80,prefill,0,8,20,29,224,54,22,157,1.465139,0.003938,0.003122,0.004186,0.009850,0.013765
81,prefill,1,8,20,197,124,174,142,39,0.559767,0.512373,0.118505,0.107757,0.105418,0.096179
82,prefill,2,8,197,20,103,226,84,174,0.469267,0.461570,0.331638,0.087043,0.079180,0.071301
83,prefill,3,8,197,20,172,103,226,40,0.460690,0.381580,0.340017,0.122787,0.106863,0.088063
84,prefill,4,8,197,179,20,84,230,28,0.467090,0.455715,0.202438,0.135416,0.131089,0.108253
85,prefill,5,8,28,197,20,63,78,23,0.447983,0.415962,0.196414,0.170488,0.139128,0.130026
86,prefill,6,8,28,225,20,84,135,197,0.495923,0.315559,0.302888,0.141347,0.126380,0.117902
87,prefill,7,8,0,197,84,18,20,135,0.423560,0.376764,0.206502,0.182786,0.159825,0.150563
88,prefill,8,8,28,115,253,135,77,197,0.546809,0.228848,0.198036,0.190370,0.170091,0.165847
89,prefill,9,8,84,102,28,197,135,115,0.397407,0.293011,0.280015,0.209196,0.164778,0.155593
90,prefill,0,9,72,138,208,158,152,184,1.414109,0.021954,0.009296,0.022282,0.018145,0.014213
91,prefill,1,9,235,116,32,144,255,135,0.307183,0.279111,0.262026,0.224810,0.218867,0.208003
92,prefill,2,9,235,35,238,116,34,189,0.450706,0.330811,0.239654,0.174746,0.159242,0.144842
93,prefill,3,9,199,235,168,79,81,191,0.367608,0.321654,0.261820,0.192583,0.195414,0.160920
94,prefill,4,9,150,90,154,235,199,157,0.401851,0.304312,0.272196,0.223453,0.168083,0.130105
95,prefill,5,9,235,191,81,127,90,79,0.413976,0.379215,0.214913,0.173795,0.161448,0.156653
96,prefill,6,9,191,235,199,126,57,206,0.444431,0.275565,0.214459,0.207140,0.186600,0.171806
97,prefill,7,9,57,235,126,191,199,15,0.565127,0.350811,0.152707,0.143110,0.133381,0.154863
98,prefill,8,9,191,235,57,23,121,160,0.560075,0.254549,0.229674,0.165197,0.157727,0.132777
99,prefill,9,9,86,235,191,57,199,206,0.538338,0.322965,0.279406,0.200765,0.081133,0.077392
100,prefill,0,10,8,161,151,93,155,84,1.222379,0.054758,0.055731,0.054971,0.056658,0.055503
101,prefill,1,10,8,246,62,40,100,201,0.482823,0.336339,0.185896,0.178188,0.162651,0.154104
102,prefill,2,10,8,40,12,217,201,243,0.410811,0.328041,0.275993,0.219821,0.144745,0.120589
103,prefill,3,10,40,201,217,232,8,12,0.511284,0.336652,0.187203,0.164956,0.151680,0.148226
104,prefill,4,10,40,48,33,201,237,213,0.383993,0.321154,0.249226,0.214006,0.169437,0.162184
105,prefill,5,10,40,48,201,213,89,12,0.552224,0.403029,0.164848,0.153924,0.119543,0.106432
106,prefill,6,10,40,14,222,162,201,107,0.442395,0.351931,0.337931,0.159541,0.116525,0.091678
107,prefill,7,10,40,97,222,201,11,107,0.488323,0.370035,0.236894,0.168622,0.122997,0.113129
108,prefill,8,10,222,14,40,205,89,224,0.511563,0.323781,0.318394,0.138431,0.113191,0.094639
109,prefill,9,10,40,201,137,245,11,14,0.812325,0.161135,0.133863,0.132483,0.135949,0.124245
110,prefill,0,11,18,222,226,247,115,190,1.335399,0.036749,0.035110,0.036148,0.027400,0.029195
111,prefill,1,11,161,232,150,172,32,171,0.871328,0.134962,0.124451,0.124680,0.124446,0.120134
112,prefill,2,11,161,195,124,133,181,136,0.899263,0.178202,0.124691,0.118445,0.120457,0.058942
113,prefill,3,11,161,181,195,89,94,119,0.664248,0.343345,0.219109,0.103377,0.099280,0.070642
114,prefill,4,11,119,167,181,161,195,133,0.430245,0.297193,0.295898,0.200722,0.154985,0.120956
115,prefill,5,11,94,119,181,167,200,161,0.400050,0.280295,0.242655,0.236602,0.171219,0.169179
116,prefill,6,11,94,85,34,161,3,218,0.441234,0.297697,0.256397,0.165267,0.171555,0.167850
117,prefill,7,11,35,34,85,161,89,94,0.321588,0.316539,0.248458,0.219871,0.198529,0.195015
118,prefill,8,11,34,85,94,89,16,218,0.444065,0.228588,0.232148,0.215139,0.198319,0.181741
119,prefill,9,11,30,94,34,89,60,35,0.533180,0.240433,0.233692,0.166764,0.167570,0.158361
120,prefill,0,12,80,58,169,136,173,42,1.335938,0.034839,0.030397,0.036878,0.031838,0.030112
121,prefill,1,12,19,33,242,105,164,77,0.577369,0.240646,0.179458,0.181552,0.162256,0.158719
122,prefill,2,12,3,14,33,142,75,22,0.552963,0.253734,0.202829,0.198780,0.151094,0.140599
123,prefill,3,12,14,3,142,234,45,33,0.635779,0.354294,0.169934,0.131669,0.122004,0.086321
124,prefill,4,12,14,142,226,3,234,134,0.465823,0.323367,0.205432,0.221249,0.135364,0.148765
125,prefill,5,12,14,142,134,3,122,89,0.456187,0.297712,0.289347,0.210782,0.130745,0.115227
126,prefill,6,12,43,14,142,134,124,11,0.783909,0.146658,0.144586,0.147098,0.154750,0.122999
127,prefill,7,12,142,134,14,148,124,43,0.265750,0.280337,0.259273,0.232819,0.244621,0.217199
128,prefill,8,12,43,124,142,253,242,134,0.620717,0.301232,0.163735,0.146671,0.125366,0.142279
129,prefill,9,12,164,142,253,43,124,100,0.494878,0.286826,0.200432,0.187038,0.178926,0.151900
130,prefill,0,13,129,130,206,63,254,110,1.319229,0.030728,0.036306,0.042456,0.038947,0.032335
131,prefill,1,13,129,155,84,100,169,220,0.710318,0.237443,0.149469,0.137563,0.134737,0.130470
132,prefill,2,13,38,15,148,4,74,78,0.396276,0.233586,0.230868,0.200632,0.199508,0.239131
133,prefill,3,13,16,148,107,101,4,15,0.405296,0.349634,0.210511,0.185143,0.177523,0.171893
134,prefill,4,13,148,101,4,107,38,64,0.346681,0.255735,0.236747,0.241612,0.219084,0.200140
135,prefill,5,13,4,101,16,148,38,14,0.314828,0.297854,0.270201,0.258288,0.189071,0.169757
136,prefill,6,13,148,248,91,39,100,4,0.407887,0.264129,0.235653,0.227176,0.193993,0.171162
137,prefill,7,13,91,4,148,179,100,9,0.382343,0.247660,0.244702,0.256646,0.192335,0.176314
138,prefill,8,13,148,91,72,19,39,9,0.313595,0.309813,0.310502,0.208915,0.184943,0.172233
139,prefill,9,13,91,77,148,4,179,248,0.312210,0.320302,0.278475,0.265636,0.180436,0.142942
140,prefill,0,14,164,33,147,225,39,2,0.582433,0.243455,0.208418,0.174553,0.146613,0.144528
141,prefill,1,14,224,200,38,151,33,39,0.736506,0.173500,0.175228,0.142119,0.139602,0.133044
142,prefill,2,14,224,122,88,235,5,16,0.590862,0.399321,0.147304,0.154441,0.107429,0.100642
143,prefill,3,14,235,224,19,122,170,16,0.811910,0.214114,0.161371,0.118793,0.095776,0.098036
144,prefill,4,14,235,122,195,19,166,88,0.881698,0.204654,0.109156,0.102457,0.114296,0.087738
145,prefill,5,14,235,122,194,88,242,19,0.790640,0.368561,0.101283,0.079896,0.085320,0.074299
146,prefill,6,14,235,188,38,7,88,122,0.777926,0.214365,0.146646,0.149556,0.117738,0.093769
147,prefill,7,14,235,7,49,1,173,151,0.542767,0.299729,0.281661,0.137753,0.125477,0.112613
148,prefill,8,14,235,49,38,188,122,51,0.635386,0.273381,0.155331,0.146795,0.134131,0.154976
149,prefill,9,14,235,49,151,166,200,88,0.689861,0.383315,0.104975,0.122439,0.100889,0.098520
150,prefill,0,15,90,242,145,186,239,22,0.434336,0.283339,0.266165,0.175383,0.169853,0.170924
151,prefill,1,15,60,24,147,180,253,79,0.443435,0.240454,0.241097,0.229969,0.179279,0.165766
152,prefill,2,15,169,95,188,186,147,100,0.358021,0.262465,0.249267,0.227934,0.205534,0.196780
153,prefill,3,15,186,27,38,95,79,209,0.480014,0.400639,0.197744,0.148274,0.143495,0.129835
154,prefill,4,15,27,111,186,176,6,240,0.383546,0.336769,0.322147,0.154995,0.156426,0.146118
155,prefill,5,15,240,27,169,6,186,176,0.307325,0.324856,0.261953,0.226346,0.207366,0.172153
156,prefill,6,15,5,83,27,240,6,121,0.318250,0.318037,0.261966,0.220608,0.193556,0.187582
157,prefill,7,15,27,248,83,213,60,46,0.496918,0.250044,0.238397,0.208169,0.168181,0.138291
158,prefill,8,15,27,83,5,240,121,213,0.350615,0.294546,0.261678,0.231511,0.194964,0.166686
159,prefill,9,15,95,236,27,199,46,83,0.284813,0.259419,0.248790,0.278315,0.221664,0.206998
160,prefill,0,16,250,165,253,76,15,158,0.500729,0.305466,0.175380,0.173656,0.172697,0.172071
161,prefill,1,16,26,255,234,155,12,124,0.853535,0.227808,0.127806,0.100033,0.097383,0.093435
162,prefill,2,16,30,26,213,131,141,227,0.547088,0.203894,0.202728,0.168847,0.179285,0.198157
163,prefill,3,16,30,205,36,2,227,26,0.363033,0.337329,0.213780,0.221808,0.198174,0.165875
164,prefill,4,16,30,2,205,227,36,100,0.359963,0.298906,0.268569,0.265905,0.181148,0.125508
165,prefill,5,16,30,205,2,227,57,131,0.377046,0.244783,0.257096,0.259068,0.230040,0.131969
166,prefill,6,16,30,129,175,155,227,86,0.291417,0.331491,0.233038,0.212179,0.229177,0.202698
167,prefill,7,16,30,227,86,205,57,155,0.359487,0.291544,0.240894,0.206899,0.221465,0.179709
168,prefill,8,16,86,30,61,175,220,57,0.292228,0.263315,0.244791,0.227296,0.232627,0.239744
169,prefill,9,16,227,30,86,61,57,131,0.354795,0.290706,0.245372,0.232809,0.222073,0.154245
170,prefill,0,17,181,22,113,182,68,27,0.329795,0.325329,0.285896,0.193740,0.197881,0.167359
171,prefill,1,17,5,104,222,236,200,33,1.146585,0.086258,0.073769,0.068806,0.061613,0.062969
172,prefill,2,17,5,248,8,22,145,214,0.867864,0.162770,0.141089,0.125459,0.122810,0.080007
173,prefill,3,17,5,110,248,214,33,253,0.692837,0.245819,0.193031,0.171003,0.103731,0.093578
174,prefill,4,17,5,214,4,248,110,85,0.577735,0.311348,0.170262,0.175855,0.141417,0.123382
175,prefill,5,17,5,214,86,22,202,236,0.653189,0.255911,0.156479,0.145828,0.148281,0.140312
176,prefill,6,17,33,5,236,246,197,108,0.428957,0.352632,0.225097,0.208290,0.142871,0.142153
177,prefill,7,17,108,236,5,231,82,70,0.337631,0.304535,0.289687,0.209359,0.183302,0.175484
178,prefill,8,17,33,108,5,215,246,238,0.369324,0.292146,0.250956,0.194506,0.212603,0.180464
179,prefill,9,17,108,70,246,33,82,219,0.281084,0.251817,0.280011,0.236113,0.226217,0.224759
180,prefill,0,18,83,186,152,74,193,96,0.412154,0.336116,0.237923,0.213528,0.152359,0.147920
181,prefill,1,18,206,193,208,83,191,75,0.777182,0.192755,0.183230,0.120078,0.119818,0.106938
182,prefill,2,18,206,34,83,208,246,211,0.473654,0.321907,0.203285,0.199323,0.200391,0.101440
183,prefill,3,18,206,167,4,43,137,179,0.387807,0.303292,0.254709,0.198580,0.189381,0.166232
184,prefill,4,18,37,163,179,206,43,167,0.340980,0.321027,0.260674,0.225886,0.182369,0.169065
185,prefill,5,18,179,163,183,213,156,4,0.414017,0.199424,0.227948,0.222771,0.199476,0.236363
186,prefill,6,18,183,179,139,209,246,109,0.494278,0.263398,0.266314,0.184584,0.135078,0.156348
187,prefill,7,18,183,208,211,139,43,191,0.369212,0.268643,0.252931,0.215360,0.201902,0.191952
188,prefill,8,18,183,139,246,208,35,156,0.377987,0.292463,0.243568,0.230850,0.181257,0.173874
189,prefill,9,18,183,246,208,206,179,43,0.356097,0.305814,0.220524,0.217906,0.211361,0.188297
190,prefill,0,19,38,190,158,153,57,113,0.798047,0.152570,0.141489,0.140177,0.135489,0.132228
191,prefill,1,19,102,79,71,80,6,194,0.469699,0.320994,0.255104,0.159941,0.156993,0.137269
192,prefill,2,19,79,220,31,70,234,197,0.670179,0.340603,0.134783,0.113915,0.111053,0.129467
193,prefill,3,19,224,79,70,77,183,110,0.585766,0.349506,0.218039,0.132183,0.103253,0.111253
194,prefill,4,19,170,53,45,79,253,110,0.376512,0.364214,0.277017,0.182622,0.175607,0.124027
195,prefill,5,19,3,45,140,51,116,35,0.496858,0.364156,0.226482,0.189572,0.128103,0.094829
196,prefill,6,19,176,117,200,140,101,85,0.675086,0.280768,0.205423,0.132122,0.104228,0.102373
197,prefill,7,19,79,6,85,31,191,200,0.576847,0.376121,0.204752,0.114884,0.111266,0.116130
198,prefill,8,19,176,163,186,200,187,47,0.509177,0.271091,0.261185,0.181326,0.138964,0.138258
199,prefill,9,19,45,122,116,12,117,79,0.613225,0.336425,0.158614,0.157080,0.113488,0.121168
200,prefill,0,20,86,244,63,147,22,109,1.355954,0.030083,0.031305,0.025973,0.028720,0.027965
201,prefill,1,20,200,151,248,191,65,111,0.323806,0.318743,0.245682,0.230535,0.188240,0.192994
202,prefill,2,20,21,200,59,219,151,100,0.372654,0.298028,0.244320,0.214820,0.200308,0.169870
203,prefill,3,20,219,21,87,151,111,72,0.329164,0.310804,0.244191,0.236638,0.234375,0.144828
204,prefill,4,20,219,22,174,151,21,87,0.437646,0.370027,0.202472,0.170989,0.169410,0.149456
205,prefill,5,20,219,198,111,87,21,151,0.607251,0.207732,0.208018,0.172313,0.172825,0.131861
206,prefill,6,20,149,131,204,219,111,187,0.324063,0.270745,0.272788,0.252669,0.202593,0.177143
207,prefill,7,20,219,149,191,131,187,218,0.509588,0.260053,0.243951,0.181758,0.153521,0.151129
208,prefill,8,20,149,204,187,218,219,131,0.351148,0.261763,0.242653,0.240504,0.206220,0.197712
209,prefill,9,20,149,219,200,187,70,204,0.321508,0.315204,0.257327,0.250432,0.182130,0.173398
210,prefill,0,21,177,222,59,221,110,240,1.400983,0.021904,0.020188,0.021731,0.017957,0.017236
211,prefill,1,21,75,184,4,13,129,80,0.642951,0.224497,0.189153,0.166144,0.165831,0.111424
212,prefill,2,21,238,75,184,17,49,241,0.485505,0.458773,0.231762,0.178135,0.079657,0.066168
213,prefill,3,21,57,49,184,75,17,231,0.404751,0.319922,0.270012,0.206674,0.194004,0.104638
214,prefill,4,21,184,49,97,57,69,122,0.474101,0.414235,0.142966,0.156357,0.176461,0.135880
215,prefill,5,21,184,49,155,133,231,69,0.399879,0.324604,0.267585,0.176912,0.151253,0.179768
216,prefill,6,21,49,75,7,184,173,211,0.633180,0.254851,0.175465,0.151115,0.152871,0.132518
217,prefill,7,21,49,62,75,109,29,184,0.385289,0.266124,0.247237,0.243384,0.195955,0.162010
218,prefill,8,21,49,173,62,102,184,205,0.482642,0.353818,0.194626,0.183192,0.144694,0.141028
219,prefill,9,21,49,75,184,61,62,177,0.433229,0.422321,0.212967,0.165113,0.132033,0.134337
220,prefill,0,22,205,67,194,203,109,140,1.446152,0.011210,0.012189,0.010693,0.011807,0.007950
221,prefill,1,22,205,156,147,239,59,160,1.022071,0.156007,0.117357,0.102272,0.059939,0.042354
222,prefill,2,22,205,147,156,59,204,151,1.145072,0.113696,0.068246,0.061841,0.081066,0.030078
223,prefill,3,22,205,147,61,0,204,60,0.708257,0.309687,0.165050,0.114450,0.122076,0.080480
224,prefill,4,22,61,147,60,205,50,0,0.456625,0.333976,0.270206,0.160158,0.157703,0.121332
225,prefill,5,22,60,147,180,59,61,205,0.454554,0.375952,0.188144,0.169655,0.167086,0.144608
226,prefill,6,22,111,37,205,147,249,156,0.498321,0.377059,0.223390,0.171976,0.138361,0.090892
227,prefill,7,22,239,147,236,0,166,146,0.574133,0.298353,0.227823,0.144205,0.142156,0.113330
228,prefill,8,22,37,239,103,166,111,216,0.389568,0.306221,0.266234,0.187004,0.192943,0.158030
229,prefill,9,22,147,239,138,157,0,166,0.324708,0.294636,0.262582,0.237719,0.191434,0.188921
230,prefill,0,23,242,179,25,139,248,247,0.331092,0.293929,0.296965,0.201319,0.237201,0.139494
231,prefill,1,23,31,83,158,231,129,28,1.031374,0.300235,0.059008,0.044465,0.034115,0.030803
232,prefill,2,23,31,158,242,92,105,88,1.335212,0.039515,0.035174,0.034892,0.031967,0.023240
233,prefill,3,23,31,170,92,5,117,194,1.215890,0.105694,0.046970,0.043494,0.053931,0.034020
234,prefill,4,23,31,130,29,64,5,108,0.825462,0.255432,0.219848,0.072106,0.068588,0.058564
235,prefill,5,23,31,166,130,170,64,141,1.053779,0.149541,0.099024,0.077782,0.061459,0.058414
236,prefill,6,23,228,76,31,240,210,88,0.526752,0.267931,0.194243,0.185978,0.177089,0.148007
237,prefill,7,23,233,14,28,64,54,88,0.641278,0.228907,0.200583,0.195391,0.159488,0.074353
238,prefill,8,23,228,233,64,76,240,186,0.312749,0.358126,0.237902,0.204738,0.200485,0.185999
239,prefill,9,23,225,233,64,101,0,153,0.461708,0.411586,0.167710,0.172497,0.152627,0.133872
240,prefill,0,24,114,54,89,156,181,81,1.438261,0.016369,0.008541,0.016371,0.014419,0.006039
241,prefill,1,24,135,209,196,220,177,197,1.222923,0.080396,0.069705,0.045615,0.041307,0.040054
242,prefill,2,24,135,209,10,177,113,255,1.269870,0.069991,0.044083,0.042242,0.040043,0.033771
243,prefill,3,24,135,24,209,10,177,205,0.642351,0.441696,0.227537,0.075868,0.055993,0.056556
244,prefill,4,24,24,155,209,139,112,135,0.637294,0.453902,0.193659,0.088399,0.073619,0.053127
245,prefill,5,24,24,209,205,121,139,152,0.448323,0.302191,0.304712,0.188464,0.151410,0.104899
246,prefill,6,24,209,139,205,135,164,27,0.637535,0.298337,0.149752,0.145521,0.134217,0.134639
247,prefill,7,24,130,209,63,135,242,124,0.753933,0.427669,0.122334,0.068740,0.062577,0.064746
248,prefill,8,24,209,242,123,58,124,135,0.519227,0.267514,0.226683,0.179979,0.185259,0.121337
249,prefill,9,24,67,139,209,242,123,64,0.622478,0.388543,0.259961,0.142467,0.050627,0.035924
250,prefill,0,25,60,120,64,169,243,91,0.669405,0.260335,0.197297,0.134593,0.121236,0.117135
251,prefill,1,25,219,149,137,48,91,251,0.395851,0.370265,0.222980,0.172968,0.168597,0.169339
252,prefill,2,25,55,219,98,48,92,140,0.459135,0.373325,0.332051,0.143468,0.107576,0.084444
253,prefill,3,25,93,55,0,98,65,219,0.880888,0.152743,0.145055,0.118540,0.113183,0.089591
254,prefill,4,25,44,93,55,65,219,0,0.331492,0.285461,0.270619,0.252384,0.225211,0.134833
255,prefill,5,25,65,26,55,0,54,37,0.469576,0.293480,0.284013,0.269437,0.090498,0.092997
256,prefill,6,25,108,167,173,216,219,92,0.943086,0.153868,0.121638,0.120026,0.085149,0.076233
257,prefill,7,25,219,88,92,133,131,65,0.620159,0.255582,0.199914,0.179564,0.134745,0.110036
258,prefill,8,25,108,92,219,133,167,68,0.823310,0.292254,0.151055,0.108350,0.062439,0.062592
259,prefill,9,25,92,86,26,173,219,233,0.720566,0.258080,0.168617,0.149190,0.135275,0.068272
260,prefill,0,26,73,28,52,224,152,7,1.483108,0.006336,0.002272,0.004752,0.002194,0.001338
261,prefill,1,26,11,52,201,247,190,86,0.688142,0.660503,0.056884,0.032714,0.033312,0.028446
262,prefill,2,26,52,11,104,201,128,159,0.676272,0.585046,0.109225,0.068776,0.038012,0.022668
263,prefill,3,26,11,104,191,201,52,82,0.464024,0.367255,0.308198,0.214650,0.072866,0.073006
264,prefill,4,26,191,61,201,104,11,239,0.635100,0.254758,0.214434,0.182378,0.108155,0.105175
265,prefill,5,26,191,201,91,61,203,239,0.417368,0.385906,0.283975,0.175893,0.136590,0.100267
266,prefill,6,26,191,61,201,209,18,11,0.523788,0.424357,0.363136,0.083363,0.058688,0.046668
267,prefill,7,26,191,61,201,78,239,18,0.528727,0.339305,0.228675,0.208874,0.110304,0.084114
268,prefill,8,26,191,61,201,209,18,78,0.510712,0.334084,0.318332,0.160373,0.094746,0.081754
269,prefill,9,26,191,61,201,146,78,209,0.524048,0.451248,0.305137,0.084508,0.073911,0.061146
270,prefill,0,27,233,101,128,86,148,160,1.397041,0.022557,0.020013,0.019773,0.019506,0.021111
271,prefill,1,27,128,243,197,104,101,33,0.897493,0.156607,0.130680,0.118770,0.111592,0.084859
272,prefill,2,27,243,56,68,119,197,128,0.835129,0.182034,0.147861,0.119978,0.111634,0.103364
273,prefill,3,27,177,172,243,102,25,185,0.704764,0.224482,0.215055,0.149072,0.116201,0.090426
274,prefill,4,27,177,172,102,25,165,209,0.495935,0.412072,0.310026,0.140708,0.075748,0.065511
275,prefill,5,27,31,172,159,126,25,27,0.378179,0.329002,0.300197,0.200314,0.157463,0.134845
276,prefill,6,27,58,172,25,140,39,9,0.457251,0.335810,0.272146,0.173656,0.139226,0.121912
277,prefill,7,27,172,174,25,222,152,38,0.540857,0.518695,0.237456,0.074332,0.065641,0.063019
278,prefill,8,27,140,25,38,174,172,39,0.395387,0.388658,0.189222,0.190315,0.186965,0.149454
279,prefill,9,27,25,172,222,140,100,63,0.448927,0.381326,0.184430,0.168271,0.167509,0.149537
280,prefill,0,28,32,225,114,233,230,106,1.486877,0.004299,0.004591,0.001684,0.001783,0.000766
281,prefill,1,28,201,163,177,25,57,153,0.647938,0.201855,0.134117,0.134071,0.130094,0.251924
282,prefill,2,28,162,201,204,7,169,230,1.116133,0.190563,0.076733,0.052796,0.035845,0.027929
283,prefill,3,28,162,201,71,119,169,82,0.966575,0.216702,0.112253,0.098123,0.056132,0.050214
284,prefill,4,28,22,162,130,229,147,247,0.496284,0.249317,0.222125,0.196795,0.185513,0.149965
285,prefill,5,28,196,130,247,230,229,26,0.584011,0.294121,0.211019,0.165492,0.125163,0.120194
286,prefill,6,28,231,130,7,247,204,71,0.633739,0.407387,0.166927,0.111731,0.094940,0.085276
287,prefill,7,28,130,202,203,247,19,83,0.894353,0.181162,0.129923,0.102314,0.096643,0.095605
288,prefill,8,28,231,130,7,19,204,202,0.466069,0.403318,0.316688,0.123275,0.091243,0.099407
289,prefill,9,28,7,130,19,247,71,56,0.512198,0.401009,0.225865,0.144892,0.115104,0.100931
290,prefill,0,29,126,45,170,47,34,139,1.494349,0.000704,0.001520,0.000575,0.002111,0.000742
291,prefill,1,29,254,238,221,77,36,177,0.880923,0.230952,0.140887,0.136191,0.055876,0.055171
292,prefill,2,29,254,238,221,36,50,233,1.087795,0.214919,0.067527,0.056315,0.038525,0.034920
293,prefill,3,29,254,230,221,98,233,238,1.075221,0.103990,0.092822,0.093390,0.075063,0.059514
294,prefill,4,29,254,230,98,239,226,140,0.588100,0.268773,0.218013,0.193572,0.129096,0.102446
295,prefill,5,29,254,239,226,140,230,58,0.551372,0.235314,0.230860,0.248839,0.126411,0.107205
296,prefill,6,29,140,81,226,230,2,13,0.650196,0.266337,0.256838,0.138461,0.106702,0.081466
297,prefill,7,29,140,2,81,195,226,230,0.333970,0.321923,0.326090,0.242848,0.166629,0.108540
298,prefill,8,29,2,81,140,226,230,13,0.417490,0.420253,0.382647,0.148697,0.076595,0.054318
299,prefill,9,29,140,226,230,2,238,81,0.634853,0.220452,0.212526,0.187155,0.150808,0.094206
300,prefill,0,30,176,65,4,70,183,182,1.489075,0.001856,0.001095,0.005654,0.000612,0.001709
301,prefill,1,30,174,126,130,148,90,107,1.017494,0.134794,0.121923,0.092316,0.067097,0.066375
302,prefill,2,30,174,126,16,148,67,107,0.596542,0.406475,0.187800,0.177574,0.075934,0.055675
303,prefill,3,30,126,34,132,174,16,8,0.396267,0.378879,0.243279,0.180271,0.159896,0.141408
304,prefill,4,30,8,248,34,23,146,132,0.378136,0.353186,0.261219,0.190100,0.185624,0.131734
305,prefill,5,30,23,148,21,191,135,97,0.591035,0.248523,0.228487,0.168889,0.133021,0.130044
306,prefill,6,30,230,236,191,59,119,249,0.369096,0.360561,0.241371,0.192814,0.181968,0.154189
307,prefill,7,30,230,23,191,85,103,252,0.635041,0.313969,0.216501,0.115959,0.113310,0.105219
308,prefill,8,30,191,236,230,119,252,23,0.392365,0.314015,0.265095,0.213590,0.157629,0.157307
309,prefill,9,30,252,85,236,230,89,123,0.519236,0.341535,0.201661,0.152945,0.141930,0.142693
310,prefill,0,31,182,87,148,179,111,180,1.496006,0.000417,0.000340,0.000340,0.000637,0.002259
311,prefill,1,31,161,202,9,56,44,1,0.761697,0.208927,0.188220,0.139868,0.102515,0.098773
312,prefill,2,31,226,202,192,1,104,9,0.852685,0.261098,0.147029,0.097220,0.075513,0.066453
313,prefill,3,31,198,192,229,202,245,226,0.592923,0.249134,0.240144,0.152003,0.146439,0.119356
314,prefill,4,31,202,245,229,227,237,19,0.656065,0.511001,0.159536,0.064674,0.054496,0.054227
315,prefill,5,31,202,245,19,237,123,37,0.603218,0.324520,0.249702,0.201725,0.047208,0.073627
316,prefill,6,31,245,46,202,123,55,102,0.368765,0.351230,0.337379,0.195822,0.142854,0.103951
317,prefill,7,31,245,202,3,9,123,51,0.649327,0.271472,0.225978,0.181178,0.090890,0.081156
318,prefill,8,31,202,46,123,3,51,245,0.401904,0.343048,0.251976,0.214392,0.172957,0.115724
319,prefill,9,31,202,245,102,123,127,3,0.669470,0.268085,0.178004,0.177853,0.111719,0.094868
320,prefill,0,32,216,19,229,6,50,109,1.468196,0.011098,0.006065,0.007232,0.004007,0.003402
321,prefill,1,32,129,103,49,131,228,43,0.362568,0.346343,0.282550,0.174702,0.169116,0.164722
322,prefill,2,32,129,49,228,13,193,131,0.442687,0.325446,0.229850,0.201981,0.170401,0.129635
323,prefill,3,32,193,46,90,129,51,49,0.720679,0.212992,0.173813,0.140940,0.131610,0.119965
324,prefill,4,32,193,129,46,90,221,219,0.776763,0.225476,0.169928,0.140755,0.109968,0.077110
325,prefill,5,32,193,90,56,46,133,221,0.644979,0.509615,0.127328,0.105862,0.067784,0.044432
326,prefill,6,32,193,46,143,133,219,17,0.651039,0.331955,0.218381,0.126310,0.090026,0.082289
327,prefill,7,32,193,17,147,160,46,53,0.789530,0.262109,0.174848,0.141394,0.072088,0.060031
328,prefill,8,32,193,17,143,46,219,133,0.596081,0.442255,0.152195,0.134440,0.090168,0.084861
329,prefill,9,32,193,17,219,140,58,138,0.841686,0.237325,0.122913,0.108215,0.108376,0.081484
330,prefill,0,33,65,203,9,189,126,123,1.475665,0.006305,0.006975,0.003314,0.003908,0.003834
331,prefill,1,33,102,56,242,22,9,14,0.988109,0.225985,0.090855,0.067377,0.067700,0.059973
332,prefill,2,33,29,80,56,14,242,211,0.812423,0.236618,0.136116,0.116479,0.114627,0.083737
333,prefill,3,33,58,29,47,9,80,19,0.501154,0.406716,0.263493,0.123480,0.116352,0.088805
334,prefill,4,33,58,19,47,208,25,251,0.730609,0.428027,0.119410,0.073248,0.071664,0.077043
335,prefill,5,33,58,80,47,211,164,171,0.949671,0.204610,0.122864,0.097319,0.064202,0.061333
336,prefill,6,33,58,174,212,19,237,220,0.812061,0.222325,0.171799,0.108560,0.110247,0.075008
337,prefill,7,33,58,90,174,91,182,173,1.099601,0.124828,0.086469,0.082868,0.053597,0.052636
338,prefill,8,33,174,58,237,182,212,5,0.483054,0.439256,0.238515,0.136173,0.117935,0.085068
339,prefill,9,33,58,182,80,38,237,212,0.700179,0.237805,0.160213,0.150780,0.147202,0.103821
340,prefill,0,34,33,25,247,202,121,76,1.476028,0.005468,0.005344,0.003859,0.005893,0.003408
341,prefill,1,34,11,249,201,188,148,76,0.526266,0.287444,0.186602,0.180870,0.176343,0.142475
342,prefill,2,34,159,70,11,230,120,201,0.849228,0.209236,0.134034,0.113913,0.103429,0.090160
343,prefill,3,34,70,81,122,137,159,10,1.054049,0.114637,0.100689,0.074824,0.083738,0.072062
344,prefill,4,34,70,81,10,246,120,201,0.831479,0.203709,0.193831,0.119486,0.080737,0.070757
345,prefill,5,34,246,10,8,29,120,70,0.464956,0.317022,0.281015,0.155710,0.144950,0.136347
346,prefill,6,34,127,201,44,215,137,14,0.347322,0.339164,0.216442,0.202682,0.201261,0.193129
347,prefill,7,34,51,10,94,201,179,237,0.476921,0.270113,0.224882,0.205882,0.192058,0.130145
348,prefill,8,34,201,126,44,179,18,51,0.584318,0.215638,0.213125,0.180434,0.156189,0.150296
349,prefill,9,34,201,10,14,137,67,231,0.450171,0.246558,0.235212,0.199154,0.194114,0.174791
350,prefill,0,35,81,131,23,58,254,192,1.458078,0.008360,0.008759,0.012231,0.009530,0.003043
351,prefill,1,35,203,10,187,194,101,120,0.864149,0.291948,0.153522,0.059300,0.084519,0.046562
352,prefill,2,35,203,217,101,198,84,158,0.646514,0.434642,0.173696,0.139545,0.053171,0.052433
353,prefill,3,35,90,101,129,203,84,201,0.496487,0.317196,0.254406,0.231086,0.106073,0.094752
354,prefill,4,35,129,101,90,159,201,179,0.367014,0.339233,0.245921,0.221719,0.217041,0.109071
355,prefill,5,35,101,0,3,179,63,231,0.956073,0.166732,0.113169,0.087511,0.082192,0.094325
356,prefill,6,35,111,101,115,53,89,174,0.467381,0.520422,0.191157,0.142925,0.093799,0.084316
357,prefill,7,35,130,174,215,84,131,93,1.134033,0.156268,0.067173,0.052252,0.049088,0.041186
358,prefill,8,35,111,115,84,89,120,63,0.311972,0.298795,0.277624,0.222140,0.206783,0.182686
359,prefill,9,35,115,211,215,0,203,159,0.524189,0.271509,0.225789,0.237446,0.125132,0.115936
360,prefill,0,36,104,214,215,11,142,211,1.489171,0.004243,0.002202,0.002951,0.000512,0.000921
361,prefill,1,36,201,205,38,143,24,68,0.594131,0.417482,0.203024,0.119777,0.085790,0.079795
362,prefill,2,36,24,148,227,68,114,38,0.506196,0.255461,0.220745,0.206309,0.185464,0.125825
363,prefill,3,36,84,106,79,68,114,119,0.490187,0.259840,0.252936,0.145546,0.148535,0.202956
364,prefill,4,36,114,106,79,84,195,249,0.428778,0.317883,0.237232,0.248567,0.142861,0.124679
365,prefill,5,36,106,90,119,83,8,208,0.435762,0.328093,0.290099,0.182428,0.130636,0.132983
366,prefill,6,36,79,106,90,10,233,144,0.440040,0.332659,0.241660,0.179415,0.176575,0.129650
367,prefill,7,36,208,79,106,233,228,230,0.446858,0.349862,0.240117,0.180524,0.177930,0.104709
368,prefill,8,36,144,106,233,10,90,79,0.432654,0.285466,0.233295,0.200945,0.183964,0.163676
369,prefill,9,36,241,144,79,106,90,10,0.619945,0.305296,0.247665,0.160276,0.110293,0.056524
370,prefill,0,37,93,128,166,80,237,227,1.484720,0.006194,0.004258,0.004020,0.000259,0.000549
371,prefill,1,37,110,80,171,51,122,204,0.878286,0.206213,0.146798,0.096507,0.104645,0.067550
372,prefill,2,37,152,212,110,51,37,221,0.498358,0.420199,0.363520,0.118057,0.052295,0.047570
373,prefill,3,37,243,55,152,189,246,212,0.373920,0.343390,0.313831,0.197831,0.136028,0.135000
374,prefill,4,37,55,83,243,222,13,214,0.614270,0.294580,0.228202,0.123952,0.140773,0.098223
375,prefill,5,37,55,10,204,83,222,13,0.570369,0.339509,0.163934,0.156015,0.120043,0.150131
376,prefill,6,37,55,160,106,242,213,129,0.476010,0.453924,0.298492,0.104813,0.083083,0.083678
377,prefill,7,37,55,114,243,110,213,108,0.447299,0.421758,0.249572,0.143825,0.123275,0.114273
378,prefill,8,37,55,106,160,5,66,243,0.542494,0.419115,0.212718,0.103719,0.133216,0.088737
379,prefill,9,37,108,55,5,70,106,205,0.559774,0.414057,0.172339,0.159405,0.120217,0.074207
380,prefill,0,38,152,245,80,115,14,20,1.459374,0.011820,0.015675,0.003874,0.003943,0.005314
381,prefill,1,38,33,30,114,23,88,73,0.795598,0.223682,0.149458,0.126352,0.104776,0.100134
382,prefill,2,38,22,30,104,68,23,73,0.791462,0.350265,0.092400,0.090284,0.101147,0.074442
383,prefill,3,38,22,38,155,23,35,15,0.506037,0.317938,0.267817,0.190187,0.123660,0.094361
384,prefill,4,38,155,35,178,38,15,27,0.373481,0.350393,0.262211,0.205383,0.153148,0.155383
385,prefill,5,38,27,23,187,155,232,178,0.334439,0.311570,0.278941,0.260308,0.161531,0.153211
386,prefill,6,38,10,23,27,15,152,95,0.674147,0.221543,0.174955,0.165417,0.131350,0.132588
387,prefill,7,38,131,10,95,27,147,216,0.909850,0.258213,0.097040,0.096426,0.076612,0.061860
388,prefill,8,38,10,6,15,95,27,131,0.641204,0.186293,0.173014,0.171568,0.167045,0.160877
389,prefill,9,38,10,15,95,152,27,230,0.562432,0.225873,0.199337,0.179070,0.186111,0.147177
390,prefill,0,39,228,64,217,141,204,7,1.429866,0.015443,0.019403,0.010510,0.008422,0.016356
391,prefill,1,39,121,184,143,47,34,83,0.450845,0.378782,0.280801,0.152883,0.124471,0.112218
392,prefill,2,39,228,121,106,163,213,226,0.510520,0.273937,0.228459,0.195849,0.179265,0.111970
393,prefill,3,39,213,228,106,52,159,121,0.370650,0.293184,0.259549,0.244851,0.166116,0.165650
394,prefill,4,39,117,126,121,106,223,159,0.487488,0.352653,0.206973,0.200203,0.146614,0.106069
395,prefill,5,39,147,80,228,121,163,243,0.469064,0.301801,0.237039,0.198101,0.149405,0.144590
396,prefill,6,39,221,183,121,0,181,255,0.507316,0.402584,0.174033,0.143146,0.140320,0.132601
397,prefill,7,39,101,121,83,183,204,4,0.289231,0.265342,0.257433,0.254084,0.226953,0.206958
398,prefill,8,39,221,183,83,134,121,158,0.605025,0.390074,0.140117,0.129273,0.120890,0.114621
399,prefill,9,39,42,221,183,121,55,158,0.463652,0.445933,0.274107,0.143236,0.107295,0.065778
400,prefill,0,40,29,222,169,184,9,179,1.404380,0.016730,0.034592,0.015378,0.016002,0.012917
401,prefill,1,40,164,211,7,41,111,248,0.785874,0.240018,0.137013,0.128885,0.110446,0.097764
402,prefill,2,40,230,164,7,39,54,104,0.674630,0.511343,0.115440,0.081130,0.060619,0.056838
403,prefill,3,40,112,230,104,12,210,142,0.350805,0.320038,0.287696,0.231093,0.221364,0.089006
404,prefill,4,40,104,142,12,40,38,111,0.576676,0.238702,0.212978,0.187609,0.144027,0.140008
405,prefill,5,40,104,132,154,40,207,90,0.665085,0.198998,0.162197,0.169709,0.165006,0.139005
406,prefill,6,40,104,208,143,7,122,62,0.550658,0.244720,0.198818,0.182945,0.171673,0.151186
407,prefill,7,40,104,33,168,235,62,76,0.615033,0.292372,0.166145,0.171682,0.128488,0.126279
408,prefill,8,40,104,168,143,208,225,122,0.530497,0.229668,0.208058,0.202115,0.167568,0.162095
409,prefill,9,40,104,62,102,168,19,208,0.606742,0.180799,0.199895,0.171604,0.164053,0.176907
410,prefill,0,41,154,109,112,85,142,164,1.472174,0.007447,0.005984,0.006552,0.003900,0.003943
411,prefill,1,41,57,52,142,64,129,243,0.823439,0.320954,0.213538,0.057520,0.045149,0.039400
412,prefill,2,41,109,107,243,97,57,128,0.440842,0.297449,0.291161,0.168417,0.159904,0.142227
413,prefill,3,41,164,243,251,225,139,236,0.600535,0.280089,0.218864,0.183098,0.116870,0.100544
414,prefill,4,41,243,209,65,185,228,225,0.382448,0.291535,0.245813,0.252725,0.173248,0.154230
415,prefill,5,41,109,54,209,243,52,225,0.413964,0.351525,0.238557,0.193926,0.145484,0.156543
416,prefill,6,41,153,233,109,232,243,22,0.372463,0.343265,0.219835,0.233579,0.165074,0.165783
417,prefill,7,41,65,243,227,233,130,246,0.812036,0.155089,0.148277,0.142343,0.128736,0.113519
418,prefill,8,41,153,227,232,22,243,8,0.391333,0.364094,0.218331,0.199060,0.169721,0.157461
419,prefill,9,41,233,183,243,153,120,97,0.464665,0.398226,0.168551,0.169978,0.150380,0.148199
420,prefill,0,42,26,23,123,154,28,152,1.500000,0.000000,0.000000,0.000000,0.000000,0.000000
421,prefill,1,42,78,34,137,75,149,209,0.797807,0.413998,0.075298,0.076478,0.086856,0.049563
422,prefill,2,42,202,50,133,117,195,137,0.883847,0.164474,0.117987,0.149963,0.097426,0.086303
423,prefill,3,42,70,239,137,142,119,59,0.620621,0.330279,0.154621,0.160922,0.135355,0.098201
424,prefill,4,42,70,3,99,239,59,12,0.452572,0.266654,0.257711,0.244056,0.142438,0.136570
425,prefill,5,42,14,6,239,202,59,70,0.628523,0.197470,0.201732,0.216020,0.140094,0.116161
426,prefill,6,42,137,73,251,217,41,168,0.290599,0.333159,0.325308,0.284428,0.142278,0.124227
427,prefill,7,42,63,12,178,160,209,0,0.644561,0.195545,0.196736,0.161983,0.155718,0.145456
428,prefill,8,42,217,73,97,137,0,41,0.476841,0.371006,0.173757,0.169904,0.169085,0.139408
429,prefill,9,42,137,217,222,132,123,168,0.469993,0.367211,0.200668,0.169474,0.150089,0.142565
430,decode,10,0,242,126,217,85,4,175,0.587657,0.059604,0.073032,0.465802,0.215630,0.098277
431,decode,10,1,168,137,59,203,65,210,0.268398,0.072239,0.358458,0.402416,0.317479,0.081011
432,decode,10,2,233,87,227,108,146,199,0.237837,0.416177,0.399277,0.268781,0.089935,0.087993
433,decode,10,3,119,177,108,1,112,63,0.334998,0.295759,0.217357,0.231170,0.214132,0.206583
434,decode,10,4,15,8,97,228,186,113,0.692747,0.203914,0.196532,0.139951,0.142704,0.124152
435,decode,10,5,32,169,93,10,72,129,0.486858,0.413897,0.293783,0.113742,0.097241,0.094479
436,decode,10,6,137,10,16,1,30,214,0.385202,0.289737,0.226437,0.213361,0.204173,0.181089
437,decode,10,7,141,233,196,110,209,251,0.518053,0.409354,0.278417,0.124954,0.096974,0.072248
438,decode,10,8,84,28,20,135,102,197,0.314995,0.282488,0.288256,0.219903,0.213282,0.181077
439,decode,10,9,86,235,57,191,246,199,0.457161,0.360161,0.254950,0.173384,0.142963,0.111380
440,decode,10,10,40,245,31,222,11,201,0.437099,0.296991,0.300551,0.215265,0.153868,0.096227
441,decode,10,11,27,30,89,3,34,94,0.461405,0.231629,0.209928,0.209375,0.218326,0.169337
442,decode,10,12,15,142,148,253,14,43,0.502058,0.304844,0.201334,0.176836,0.160842,0.154087
443,decode,10,13,160,91,4,148,77,53,0.378989,0.346794,0.271937,0.203493,0.201982,0.096805
444,decode,10,14,235,49,2,88,173,200,0.609357,0.423539,0.213933,0.090160,0.090327,0.072683
445,decode,10,15,27,46,83,104,95,213,0.348084,0.261907,0.250044,0.237201,0.196793,0.205971
446,decode,10,16,30,227,61,86,205,104,0.271067,0.283285,0.243336,0.246828,0.236670,0.218813
447,decode,10,17,108,72,211,5,238,33,0.412404,0.322161,0.221511,0.199174,0.192213,0.152537
448,decode,10,18,183,246,43,249,208,139,0.413870,0.236826,0.233181,0.229736,0.211465,0.174922
449,decode,10,19,17,40,122,117,107,207,0.576754,0.556958,0.120651,0.089115,0.080329,0.076191
450,decode,10,20,254,149,219,187,156,218,0.414897,0.300536,0.262780,0.221671,0.168039,0.132077
451,decode,10,21,211,49,109,177,62,75,0.576342,0.335410,0.242411,0.136865,0.104656,0.104317
452,decode,10,22,239,247,238,147,114,0,0.539496,0.396464,0.193098,0.137363,0.130033,0.103546
453,decode,10,23,210,225,233,14,88,240,0.691936,0.199522,0.184397,0.147841,0.136310,0.139994
454,decode,10,24,67,209,139,242,58,123,0.728939,0.330200,0.194106,0.099202,0.081961,0.065591
455,decode,10,25,92,133,61,173,219,216,0.461719,0.326526,0.265710,0.164194,0.153773,0.128080
456,decode,10,26,191,61,201,18,100,78,0.457488,0.361998,0.232502,0.188364,0.147002,0.112646
457,decode,10,27,172,25,222,185,152,9,0.468616,0.344922,0.269009,0.266214,0.087264,0.063975
458,decode,10,28,130,19,7,204,93,71,0.634813,0.280851,0.254403,0.113822,0.114794,0.101316
459,decode,10,29,12,140,81,2,230,226,0.393717,0.332369,0.282194,0.205156,0.159388,0.127176
460,decode,10,30,252,191,123,85,249,230,0.487956,0.242428,0.232243,0.184547,0.180528,0.172297
461,decode,10,31,202,123,245,46,3,142,0.358308,0.269733,0.264217,0.258467,0.176764,0.172511
462,decode,10,32,193,17,51,219,46,165,0.461266,0.369620,0.277617,0.253568,0.070915,0.067015
463,decode,10,33,58,174,195,182,212,80,0.568072,0.369076,0.252585,0.124919,0.093617,0.091730
464,decode,10,34,201,226,126,231,44,67,0.347799,0.330152,0.262135,0.216560,0.195671,0.147684
465,decode,10,35,215,84,211,15,174,27,0.505415,0.271682,0.219631,0.228658,0.187229,0.087386
466,decode,10,36,144,241,79,90,10,106,0.461544,0.316562,0.241979,0.176693,0.160627,0.142595
467,decode,10,37,55,179,108,106,250,5,0.436780,0.301189,0.270579,0.216824,0.149703,0.124925
468,decode,10,38,10,6,15,95,152,27,0.620357,0.221522,0.187574,0.164487,0.151681,0.154378
469,decode,10,39,33,221,183,83,230,243,0.573507,0.382919,0.300256,0.091385,0.076451,0.075482
470,decode,10,40,104,102,62,122,168,73,0.538198,0.306120,0.215802,0.171603,0.133866,0.134411
471,decode,10,41,78,233,103,186,227,153,0.331773,0.291995,0.249541,0.234213,0.194652,0.197826
472,decode,10,42,217,131,97,41,0,251,0.556697,0.249598,0.170228,0.151915,0.148011,0.223550
